Project Name,Package Name,Type Name,Method Name,LOC,CC,PC,Line no,IsTest
JavaRTS,core,AssetManager,init,50,8,0,79,0
JavaRTS,core,AssetManager,prepareAssetForNewGame,72,7,0,149,0
JavaRTS,core,AssetManager,destoryAsset,50,1,0,277,0
JavaRTS,core,AssetManager,addContructionYard,8,3,1,344,0
JavaRTS,core,AssetManager,addPowerPlant,8,3,1,353,0
JavaRTS,core,AssetManager,addRefinery,8,3,1,362,0
JavaRTS,core,AssetManager,addFactory,8,3,1,371,0
JavaRTS,core,AssetManager,addDrone,8,3,1,380,0
JavaRTS,core,AssetManager,addCommunicationCenter,8,3,1,389,0
JavaRTS,core,AssetManager,addTechCenter,8,3,1,398,0
JavaRTS,core,AssetManager,addHarvester,8,3,1,407,0
JavaRTS,core,AssetManager,addLightTank,8,3,1,416,0
JavaRTS,core,AssetManager,addHeavyTank,8,3,1,425,0
JavaRTS,core,AssetManager,addStealthTank,8,3,1,434,0
JavaRTS,core,AssetManager,addRocketTank,8,3,1,443,0
JavaRTS,core,AssetManager,addConstructionVehicle,8,3,1,452,0
JavaRTS,core,AssetManager,addGunTurret,8,3,1,461,0
JavaRTS,core,AssetManager,addMissileTurret,8,3,1,470,0
JavaRTS,core,AssetManager,destoryAllUnit,32,11,1,479,0
JavaRTS,core,AssetManager,updateAndDraw,202,95,0,516,0
JavaRTS,core,AssetManager,swapResources,30,1,0,838,0
JavaRTS,core,AssetManager,spawnBullet,6,3,5,876,0
JavaRTS,core,AssetManager,spawnRocket,6,3,5,885,0
JavaRTS,core,AssetManager,removeObject,93,31,1,894,0
JavaRTS,core,baseInfo,baseInfo,3,1,0,23,0
JavaRTS,core,baseInfo,update,48,9,0,28,0
JavaRTS,core,baseInfo,reCalculatePower,4,1,0,92,0
JavaRTS,core,camera,camera,11,1,3,29,0
JavaRTS,core,camera,update,67,14,0,44,0
JavaRTS,core,DaemonThread,run,7,1,0,4,0
JavaRTS,core,gameData,makeData,74,15,0,25,0
JavaRTS,core,gameData,getRandom,5,2,0,168,0
JavaRTS,core,gameData,destory,6,1,0,179,0
JavaRTS,core,gameData,loadTexture,19,2,5,186,0
JavaRTS,core,geometry,solveLinerEquation2D,20,2,6,17,0
JavaRTS,core,geometry,findAngle,3,1,4,42,0
JavaRTS,core,geometry,findAngleDelta,23,8,3,48,0
JavaRTS,core,geometry,drawLine,80,15,4,83,0
JavaRTS,core,grid,grid,10,2,1,11,0
JavaRTS,core,grid,update,13,3,0,24,0
JavaRTS,core,grid,reset,9,4,0,39,0
JavaRTS,core,grid,draw,12,4,0,56,0
JavaRTS,core,highscoreManager,highscoreManager,4,1,0,25,0
JavaRTS,core,highscoreManager,run,143,23,0,31,0
JavaRTS,core,highscoreManager,hasDuplicateName,8,3,4,199,0
JavaRTS,core,highscoreManager,secondsToString,7,1,1,209,0
JavaRTS,core,highscoreManager,placeZeroIfNeede,3,1,1,218,0
JavaRTS,core,mainThread,mainThread,55,3,0,81,0
JavaRTS,core,mainThread,actionPerformed,87,16,1,172,0
JavaRTS,core,mainThread,paintComponent,3,1,1,338,0
JavaRTS,core,mainThread,clearDepthBuffer,4,2,0,355,0
JavaRTS,core,mainThread,keyPressed,7,5,1,363,0
JavaRTS,core,mainThread,keyReleased,7,5,1,378,0
JavaRTS,core,mainThread,keyTyped,2,1,1,393,0
JavaRTS,core,mainThread,mouseDragged,8,2,1,399,0
JavaRTS,core,mainThread,mouseMoved,8,2,1,409,0
JavaRTS,core,mainThread,mouseClicked,2,1,1,419,0
JavaRTS,core,mainThread,mouseEntered,4,1,1,423,0
JavaRTS,core,mainThread,mouseExited,5,2,1,430,0
JavaRTS,core,mainThread,mousePressed,8,3,1,442,0
JavaRTS,core,mainThread,mouseReleased,8,3,1,456,0
JavaRTS,core,mainThread,loadTexture,83,2,0,469,0
JavaRTS,core,mainThread,waitForPostProcessingThread,12,2,0,557,0
JavaRTS,core,mainThread,swapResources,24,2,0,574,0
JavaRTS,core,mainThread,regulateFramerate,39,11,0,606,0
JavaRTS,core,mainThread,secondsToString,7,1,1,671,0
JavaRTS,core,mainThread,placeZeroIfNeede,3,1,1,680,0
JavaRTS,core,mainThread,focusGained,3,1,1,684,0
JavaRTS,core,mainThread,focusLost,3,1,1,693,0
JavaRTS,core,PathFinder,createHeuristicMap,79,20,7,16,0
JavaRTS,core,playerCommander,init,13,1,0,63,0
JavaRTS,core,playerCommander,update,362,103,0,83,0
JavaRTS,core,playerCommander,cursorIsInMiniMap,3,1,0,560,0
JavaRTS,core,playerCommander,cursorIsInSideBar,3,1,0,564,0
JavaRTS,core,playerCommander,removeDestoryedObjectFromSelection,8,3,1,570,0
JavaRTS,core,playerCommander,holdAllSelectedUnit,9,4,0,580,0
JavaRTS,core,playerCommander,moveSelectedUnit,54,13,2,590,0
JavaRTS,core,playerCommander,attackMoveSelectUnit,48,10,2,661,0
JavaRTS,core,playerCommander,addMouseHoverUnitToDisplayInfo,38,9,2,723,0
JavaRTS,core,playerCommander,selectUnit,36,11,2,768,0
JavaRTS,core,playerCommander,selectMultipleUnits,14,5,1,820,0
JavaRTS,core,playerCommander,addToSelection,12,5,1,836,0
JavaRTS,core,playerCommander,deSelect,10,3,1,856,0
JavaRTS,core,playerCommander,deSelectAll,9,3,0,867,0
JavaRTS,core,playerCommander,selectGroup,5,2,1,880,0
JavaRTS,core,playerCommander,maneuverUnit,34,12,0,886,0
JavaRTS,core,playerCommander,attackUnit,21,7,1,936,0
JavaRTS,core,playerCommander,harvestMine,13,4,1,966,0
JavaRTS,core,playerCommander,returnToRefinery,13,4,1,981,0
JavaRTS,core,playerCommander,removeFromOtherGroup,12,5,2,996,0
JavaRTS,core,polygon3D,polygon3D,83,15,8,106,0
JavaRTS,core,polygon3D,update,53,9,0,221,0
JavaRTS,core,polygon3D,update_visionPolygon,19,3,0,308,0
JavaRTS,core,polygon3D,update_lightspace,33,6,0,352,0
JavaRTS,core,polygon3D,update_lightspace_withoutDrawing,23,3,0,408,0
JavaRTS,core,polygon3D,findClipping,22,5,0,452,0
JavaRTS,core,polygon3D,approximatePoint,7,1,3,479,0
JavaRTS,core,polygon3D,findDiffuse,6,2,0,490,0
JavaRTS,core,polygon3D,createShadeSpan,15,3,3,504,0
JavaRTS,core,polygon3D,findNormal,8,1,0,527,0
JavaRTS,core,polygon3D,draw,6,2,0,537,0
JavaRTS,core,postProcessingThread,init,49,4,0,130,0
JavaRTS,core,postProcessingThread,reset,3,1,0,208,0
JavaRTS,core,postProcessingThread,run,25,4,0,214,0
JavaRTS,core,postProcessingThread,isWorking,4,2,0,251,0
JavaRTS,core,postProcessingThread,doPostProcesssing,317,95,0,261,0
JavaRTS,core,postProcessingThread,rasterize,6,1,1,767,0
JavaRTS,core,postProcessingThread,scanPolygon,68,16,0,778,0
JavaRTS,core,postProcessingThread,blurShadow,69,29,0,876,0
JavaRTS,core,postProcessingThread,blendShadow,15,6,0,973,0
JavaRTS,core,postProcessingThread,prepareResources,49,2,0,997,0
JavaRTS,core,rasterizer,init,17,2,0,114,0
JavaRTS,core,rasterizer,rasterize,73,14,1,136,0
JavaRTS,core,rasterizer,findVectorOUV,25,1,0,208,0
JavaRTS,core,rasterizer,scanPolygon,46,11,0,250,0
JavaRTS,core,rasterizer,scanPolygon_Gouraud,60,11,0,320,0
JavaRTS,core,rasterizer,renderShadowRemover,58,12,1,407,0
JavaRTS,core,rasterizer,renderShadow,68,13,1,494,0
JavaRTS,core,rasterizer,renderCloakedShadow,71,14,1,589,0
JavaRTS,core,rasterizer,renderBasicPolygon,73,9,0,688,0
JavaRTS,core,rasterizer,renderUnderGroundPolygon,148,15,0,791,0
JavaRTS,core,rasterizer,renderShadowedPolygon,145,14,0,993,0
JavaRTS,core,rasterizer,renderShadowedPolygon_Gouraud,154,15,0,1187,0
JavaRTS,core,rasterizer,renderShadowedPolygon_smooth,154,16,0,1392,0
JavaRTS,core,rasterizer,renderTerrainPolygon,81,7,0,1599,0
JavaRTS,core,rasterizer,renderRoadSidePolygon,86,8,0,1712,0
JavaRTS,core,rasterizer,renderLakeBottomPolygon,79,6,0,1831,0
JavaRTS,core,rasterizer,renderWaterPolygon,40,5,0,1940,0
JavaRTS,core,rasterizer,renderSoildPolygon,22,5,0,1994,0
JavaRTS,core,rasterizer,renderDeployGridPolygon,16,4,0,2037,0
JavaRTS,core,rasterizer,renderZbufferRemoverPolygon,19,5,0,2065,0
JavaRTS,core,rasterizer,renderCloakedPolygon,159,18,0,2093,0
JavaRTS,core,rasterizer,calculateDepthRangeAtGround,14,1,0,2311,0
JavaRTS,core,Rect,Rect,8,1,4,12,0
JavaRTS,core,Rect,setOrigin,6,1,2,21,0
JavaRTS,core,Rect,intersect,3,1,1,28,0
JavaRTS,core,Rect,contains,3,1,2,32,0
JavaRTS,core,Rect,expand,8,1,1,36,0
JavaRTS,core,Rect,shrink,8,1,1,45,0
JavaRTS,core,Rect,toString,3,1,0,54,0
JavaRTS,core,sideBarManager,sideBarManager,9,2,1,34,0
JavaRTS,core,sideBarManager,update,556,177,0,46,0
JavaRTS,core,sideBarManager,swapResources,6,1,0,885,0
JavaRTS,core,sunLight,init,15,1,0,22,0
JavaRTS,core,sunLight,update,8,2,0,43,0
JavaRTS,core,terrain,terrain,136,1,0,78,0
JavaRTS,core,terrain,createStrightRoadSection,51,5,1,265,0
JavaRTS,core,terrain,createCurvedRoadSection,53,5,3,331,0
JavaRTS,core,terrain,createLake,188,20,9,398,0
JavaRTS,core,terrain,update,113,19,0,703,0
JavaRTS,core,terrain,draw,32,16,0,849,0
JavaRTS,core,texture,texture,116,28,4,52,0
JavaRTS,core,texture,texture,92,18,5,223,0
JavaRTS,core,texture,texture,10,1,4,347,0
JavaRTS,core,texture,texture,17,2,4,364,0
JavaRTS,core,Ticker,Ticker,7,1,2,14,0
JavaRTS,core,Ticker,Ticker,6,1,1,22,0
JavaRTS,core,Ticker,addActionListener,4,2,1,29,0
JavaRTS,core,Ticker,isRunning,3,1,0,36,0
JavaRTS,core,Ticker,start,3,1,0,40,0
JavaRTS,core,Ticker,stop,3,1,0,44,0
JavaRTS,core,Ticker,setDelay,3,1,1,48,0
JavaRTS,core,Ticker,getDelay,3,1,0,52,0
JavaRTS,core,Ticker,fireActionPerformed,10,2,0,56,0
JavaRTS,core,Ticker,run,12,2,0,66,0
JavaRTS,core,Turn2DTo3DFactory,init,10,1,0,13,0
JavaRTS,core,Turn2DTo3DFactory,get3DLocation,35,1,3,24,0
JavaRTS,core,vector,vector,6,1,3,26,0
JavaRTS,core,vector,add,5,1,1,35,0
JavaRTS,core,vector,add,5,1,3,41,0
JavaRTS,core,vector,add,5,1,2,47,0
JavaRTS,core,vector,subtract,5,1,1,54,0
JavaRTS,core,vector,scale,5,1,1,62,0
JavaRTS,core,vector,unit,6,1,0,69,0
JavaRTS,core,vector,getLength,3,1,0,78,0
JavaRTS,core,vector,dot,3,1,1,83,0
JavaRTS,core,vector,cross,5,1,2,88,0
JavaRTS,core,vector,rotate_XZ,8,1,1,95,0
JavaRTS,core,vector,rotate_YZ,8,1,1,105,0
JavaRTS,core,vector,rotate_XY,8,1,1,115,0
JavaRTS,core,vector,set,5,1,1,126,0
JavaRTS,core,vector,set,5,1,3,132,0
JavaRTS,core,vector,reset,5,1,0,139,0
JavaRTS,core,vector,updateLocation,5,1,0,145,0
JavaRTS,core,vector,updateLocationOrthognal,4,1,0,153,0
JavaRTS,core,vector,myClone,3,1,0,159,0
JavaRTS,core,vector,toString,3,1,0,163,0
JavaRTS,enemyAI,baseExpensionAI,baseExpensionAI,15,6,0,28,0
JavaRTS,enemyAI,baseExpensionAI,processAI,247,77,0,58,0
JavaRTS,enemyAI,baseExpensionAI,threatLevelNearTarget,25,10,1,383,0
JavaRTS,enemyAI,baseExpensionAI,addStealthTank,8,3,1,424,0
JavaRTS,enemyAI,baseExpensionAI,needStealthTank,9,4,0,434,0
JavaRTS,enemyAI,baseExpensionAI,hasRefineryNearTheGoldmine,10,4,1,446,0
JavaRTS,enemyAI,baseExpensionAI,hasConstructionYardNearGoldMine,10,4,1,457,0
JavaRTS,enemyAI,buildingManagerAI,buildingManagerAI,25,4,0,24,0
JavaRTS,enemyAI,buildingManagerAI,addBuildingToQueue,44,15,1,59,0
JavaRTS,enemyAI,buildingManagerAI,processAI,145,39,0,119,0
JavaRTS,enemyAI,buildingManagerAI,hasRoomForPlacement,332,113,2,329,0
JavaRTS,enemyAI,buildingManagerAI,checkIfBlockIsFree,33,9,1,610,0
JavaRTS,enemyAI,buildingManagerAI,buildingUnderProduction,13,4,1,653,0
JavaRTS,enemyAI,buildingManagerAI,findFactoryDeployLocation,17,8,0,669,0
JavaRTS,enemyAI,buildingManagerAI,getNumberOfRefineriesNearPreferedGoldMine,12,4,0,698,0
JavaRTS,enemyAI,buildingManagerAI,getNumberOfFunctionalRefinery,10,3,0,712,0
JavaRTS,enemyAI,buildingManagerAI,getPowerConsumption,13,9,1,725,0
JavaRTS,enemyAI,buildingManagerAI,hasLineOfSight,24,4,3,746,0
JavaRTS,enemyAI,combatManagerAI,combatManagerAI,12,2,0,69,0
JavaRTS,enemyAI,combatManagerAI,processAI,318,84,0,96,0
JavaRTS,enemyAI,combatManagerAI,everyoneAttackTargetPosition,107,30,0,546,0
JavaRTS,enemyAI,combatManagerAI,checkPlayerForceStrengthAroundOnePoint,14,7,4,702,0
JavaRTS,enemyAI,combatManagerAI,getAIForceStrength,11,6,1,722,0
JavaRTS,enemyAI,combatManagerAI,checkIfAIHasBiggerForce,25,5,1,737,0
JavaRTS,enemyAI,defenseManagerAI,defenseManagerAI,11,1,0,47,0
JavaRTS,enemyAI,defenseManagerAI,processAI,327,91,0,69,0
JavaRTS,enemyAI,defenseManagerAI,playerForceIsMovingTwoardsBase,18,6,2,527,0
JavaRTS,enemyAI,defenseManagerAI,giveBackControlOfDefendersToCombatAI,25,11,0,554,0
JavaRTS,enemyAI,defenseManagerAI,takeOverDefendersFromCombatAI,21,9,0,583,0
JavaRTS,enemyAI,defenseManagerAI,playerForceIsNearBase,10,4,1,606,0
JavaRTS,enemyAI,defenseManagerAI,numOfHeavyTankAroundLocation,9,3,1,620,0
JavaRTS,enemyAI,defenseManagerAI,addUnitToDefenders,24,8,1,632,0
JavaRTS,enemyAI,defenseManagerAI,newUnitIsCloserToThreat,11,4,1,660,0
JavaRTS,enemyAI,defenseManagerAI,evadePlayerUnit,33,10,1,675,0
JavaRTS,enemyAI,economyManagerAI,economyManagerAI,5,1,0,22,0
JavaRTS,enemyAI,economyManagerAI,processAI,102,39,0,29,0
JavaRTS,enemyAI,enemyCommander,init,15,1,0,29,0
JavaRTS,enemyAI,enemyCommander,update,12,4,0,52,0
JavaRTS,enemyAI,enemyCommander,drawVisionMap,11,4,0,76,0
JavaRTS,enemyAI,enemyCommander,thinkHardLikeHumanPlayer,31,12,0,91,0
JavaRTS,enemyAI,harassmentAI,harassmentAI,9,1,0,35,0
JavaRTS,enemyAI,harassmentAI,processAI,193,54,0,45,0
JavaRTS,enemyAI,harassmentAI,playerBaseIsAround,14,4,1,280,0
JavaRTS,enemyAI,harassmentAI,hasRoomToMove,41,13,1,296,0
JavaRTS,enemyAI,mapAwarenessAI,mapAwarenessAI,31,3,0,87,0
JavaRTS,enemyAI,mapAwarenessAI,processAI,349,112,0,125,0
JavaRTS,enemyAI,mapAwarenessAI,addPlayerUnitInMinimap,9,3,1,547,0
JavaRTS,enemyAI,mapAwarenessAI,addPlayerStaticDefenceInMinimap,8,3,1,557,0
JavaRTS,enemyAI,mapAwarenessAI,addPlayerStructure,8,3,1,566,0
JavaRTS,enemyAI,mapAwarenessAI,findTheMostVulnerablePlayerBase,35,19,0,575,0
JavaRTS,enemyAI,mapAwarenessAI,findplayexpensionDefenseScore,21,9,2,634,0
JavaRTS,enemyAI,mapAwarenessAI,findPlayerStaticDefense,34,13,0,669,0
JavaRTS,enemyAI,mapAwarenessAI,findPlayerForceLocation,58,13,0,721,0
JavaRTS,enemyAI,microManagementAI,microManagementAI,3,1,0,30,0
JavaRTS,enemyAI,microManagementAI,processAI,123,28,0,34,0
JavaRTS,enemyAI,microManagementAI,hasLineOfSight,20,4,6,214,0
JavaRTS,enemyAI,scoutingManagerAI,scoutingManagerAI,9,1,0,35,0
JavaRTS,enemyAI,scoutingManagerAI,processAI,137,37,0,56,0
JavaRTS,enemyAI,scoutingManagerAI,checkForCollision,44,18,1,258,0
JavaRTS,enemyAI,scoutingManagerAI,scountReachedDestination,6,3,3,317,0
JavaRTS,enemyAI,scoutingManagerAI,needLightTank,6,2,0,332,0
JavaRTS,enemyAI,scoutingManagerAI,needStealthTank,8,3,0,340,0
JavaRTS,enemyAI,scoutingManagerAI,addLightTank,3,1,1,349,0
JavaRTS,enemyAI,scoutingManagerAI,addStealthTank,11,2,1,353,0
JavaRTS,enemyAI,unitProductionAI,unitProductionAI,15,1,0,50,0
JavaRTS,enemyAI,unitProductionAI,processAI,175,50,0,76,0
JavaRTS,enemyAI,unitProductionAI,addLightTank,13,5,1,304,0
JavaRTS,enemyAI,unitProductionAI,addRocketTank,8,3,1,327,0
JavaRTS,enemyAI,unitProductionAI,addStealthTank,17,6,1,339,0
JavaRTS,enemyAI,unitProductionAI,addHeavyTank,8,3,1,365,0
JavaRTS,enemyAI,unitProductionAI,countTroopControlledByCombatAI,43,14,0,376,0
JavaRTS,enemyAI,unitProductionAI,findCenterOfTroopControlledByCombatAI,88,22,0,427,0
JavaRTS,entity,communicationCenter,resetResearchStatus,13,1,0,67,0
JavaRTS,entity,communicationCenter,communicationCenter,84,6,4,81,0
JavaRTS,entity,communicationCenter,makePolygons,339,31,0,198,0
JavaRTS,entity,communicationCenter,createRadarDiskPolygon,40,1,5,761,0
JavaRTS,entity,communicationCenter,update,244,50,0,824,0
JavaRTS,entity,communicationCenter,updateGeometry,32,7,0,1172,0
JavaRTS,entity,communicationCenter,draw,7,3,0,1216,0
JavaRTS,entity,communicationCenter,addPolygon,10,3,2,1228,0
JavaRTS,entity,communicationCenter,researchHarvesterSpeed,10,2,1,1239,0
JavaRTS,entity,communicationCenter,researchRapidfire,10,2,1,1251,0
JavaRTS,entity,communicationCenter,cancelResearch,14,2,1,1263,0
JavaRTS,entity,communicationCenter,upgradeHarvester,8,3,1,1278,0
JavaRTS,entity,communicationCenter,getMovement,3,1,0,1289,0
JavaRTS,entity,constructionVehicle,constructionVehicle,34,2,3,78,0
JavaRTS,entity,constructionVehicle,makePolygons,429,51,0,126,0
JavaRTS,entity,constructionVehicle,update,144,35,0,1073,0
JavaRTS,entity,constructionVehicle,carryOutCommands,9,3,0,1273,0
JavaRTS,entity,constructionVehicle,performPathFindingLogic,94,20,0,1284,0
JavaRTS,entity,constructionVehicle,findAdjacentTileWithSmallestHeuristic,62,17,1,1419,0
JavaRTS,entity,constructionVehicle,performMovementLogic,53,10,0,1511,0
JavaRTS,entity,constructionVehicle,avoidGettingStucked,20,5,0,1586,0
JavaRTS,entity,constructionVehicle,draw,31,9,0,1612,0
JavaRTS,entity,constructionVehicle,getMovement,3,1,0,1652,0
JavaRTS,entity,constructionVehicle,updateGeometry,196,40,0,1656,0
JavaRTS,entity,constructionVehicle,canBeDeployed,28,6,0,1938,0
JavaRTS,entity,constructionVehicle,expand,8,1,0,1972,0
JavaRTS,entity,constructionVehicle,resetLogicStatus,10,1,0,1986,0
JavaRTS,entity,constructionVehicle,moveTo,12,2,2,1998,0
JavaRTS,entity,constructionVehicle,getMaxHp,3,1,0,2014,0
JavaRTS,entity,constructionYard,constructionYard,106,3,4,81,0
JavaRTS,entity,constructionYard,makePolygons,552,56,0,222,0
JavaRTS,entity,constructionYard,addPolygon,9,3,2,1056,0
JavaRTS,entity,constructionYard,update,285,52,0,1067,0
JavaRTS,entity,constructionYard,updateGeometry,36,5,0,1453,0
JavaRTS,entity,constructionYard,build,9,8,1,1515,0
JavaRTS,entity,constructionYard,buildPowerPlant,13,2,0,1533,0
JavaRTS,entity,constructionYard,buildRefinery,13,2,0,1548,0
JavaRTS,entity,constructionYard,buildFactory,13,2,0,1563,0
JavaRTS,entity,constructionYard,buildCommunicationCentre,13,2,0,1578,0
JavaRTS,entity,constructionYard,buildGunTurret,13,2,0,1593,0
JavaRTS,entity,constructionYard,buildMissileTurret,13,2,0,1608,0
JavaRTS,entity,constructionYard,buildTechCenter,13,2,0,1623,0
JavaRTS,entity,constructionYard,cancelBuilding,13,2,0,1639,0
JavaRTS,entity,constructionYard,finishDeployment,11,1,0,1656,0
JavaRTS,entity,constructionYard,isIdle,3,1,0,1668,0
JavaRTS,entity,constructionYard,createBuilding,51,9,0,1673,0
JavaRTS,entity,constructionYard,draw,21,8,0,1725,0
JavaRTS,entity,constructionYard,drawDeploymentGrid,6,2,0,1755,0
JavaRTS,entity,constructionYard,getMovement,3,1,0,1763,0
JavaRTS,entity,constructionYard,printCurrentBuilding,23,8,0,1767,0
JavaRTS,entity,drone,drone,46,6,3,61,0
JavaRTS,entity,drone,makePolygons,92,12,0,129,0
JavaRTS,entity,drone,update,163,47,0,342,0
JavaRTS,entity,drone,updateGeometry,46,4,0,591,0
JavaRTS,entity,drone,draw,7,3,0,652,0
JavaRTS,entity,drone,addPolygon,10,3,2,666,0
JavaRTS,entity,drone,getDistance,3,1,2,677,0
JavaRTS,entity,factory,factory,101,5,4,99,0
JavaRTS,entity,factory,makePolygons,356,22,0,246,0
JavaRTS,entity,factory,addPolygon,10,3,2,805,0
JavaRTS,entity,factory,update,595,118,0,817,0
JavaRTS,entity,factory,buildLightTank,12,4,0,1591,0
JavaRTS,entity,factory,buildRocketTank,12,4,0,1606,0
JavaRTS,entity,factory,buildHarvester,12,4,0,1621,0
JavaRTS,entity,factory,buildDrone,12,4,0,1636,0
JavaRTS,entity,factory,buildMCV,12,4,0,1651,0
JavaRTS,entity,factory,buildStealthTank,12,4,0,1666,0
JavaRTS,entity,factory,buildHeavyTank,12,4,0,1681,0
JavaRTS,entity,factory,grayAllOtherIcons,30,8,2,1697,0
JavaRTS,entity,factory,addToProductionQueue,8,3,1,1731,0
JavaRTS,entity,factory,cancelItemFromProductionQueue,112,27,1,1740,0
JavaRTS,entity,factory,removelItemFromProductionQueue,86,18,1,1851,0
JavaRTS,entity,factory,cancelBuilding,17,2,0,1945,0
JavaRTS,entity,factory,draw,13,5,0,1965,0
JavaRTS,entity,factory,drawRallyPointLine,8,3,0,1983,0
JavaRTS,entity,factory,getMovement,3,1,0,1993,0
JavaRTS,entity,factory,moveTo,6,2,2,1999,0
JavaRTS,entity,factory,moveDeliveredUnitToRallyPoint,39,8,0,2007,0
JavaRTS,entity,factory,isIdle,3,1,0,2062,0
JavaRTS,entity,factory,harvest,4,3,1,2066,0
JavaRTS,entity,goldMine,goldMine,74,4,4,54,0
JavaRTS,entity,goldMine,makePolygons,62,8,0,161,0
JavaRTS,entity,goldMine,update,84,15,0,265,0
JavaRTS,entity,goldMine,draw,9,4,0,397,0
JavaRTS,entity,goldMine,getMovement,3,1,0,411,0
JavaRTS,entity,gunTurret,gunTurret,59,5,4,81,0
JavaRTS,entity,gunTurret,makePolygons,76,4,0,173,0
JavaRTS,entity,gunTurret,update,210,39,0,295,0
JavaRTS,entity,gunTurret,carryOutCommands,80,19,0,603,0
JavaRTS,entity,gunTurret,draw,7,3,0,706,0
JavaRTS,entity,gunTurret,attack,27,7,1,716,0
JavaRTS,entity,gunTurret,fireBullet,25,4,1,756,0
JavaRTS,entity,gunTurret,hold,4,1,0,788,0
JavaRTS,entity,gunTurret,getMovement,3,1,0,793,0
JavaRTS,entity,harvester,harvester,35,2,3,96,0
JavaRTS,entity,harvester,makePolygons,261,21,0,142,0
JavaRTS,entity,harvester,makeTriangle,19,1,6,551,0
JavaRTS,entity,harvester,update,138,36,0,581,0
JavaRTS,entity,harvester,carryOutCommands,204,57,0,790,0
JavaRTS,entity,harvester,performPathFindingLogic,112,27,0,1026,0
JavaRTS,entity,harvester,findAdjacentTileWithSmallestHeuristic,62,17,1,1192,0
JavaRTS,entity,harvester,performMovementLogic,53,10,0,1280,0
JavaRTS,entity,harvester,avoidGettingStucked,20,5,0,1353,0
JavaRTS,entity,harvester,draw,32,10,0,1382,0
JavaRTS,entity,harvester,getMovement,3,1,0,1422,0
JavaRTS,entity,harvester,updateGeometry,114,13,0,1427,0
JavaRTS,entity,harvester,resetLogicStatus,11,1,0,1603,0
JavaRTS,entity,harvester,moveTo,14,4,2,1616,0
JavaRTS,entity,harvester,harvest,34,5,1,1636,0
JavaRTS,entity,harvester,returnToRefinery,40,7,1,1684,0
JavaRTS,entity,harvester,findNearestRefinery,42,13,0,1733,0
JavaRTS,entity,harvester,goToTheNearestGoldMine,16,5,0,1780,0
JavaRTS,entity,harvester,checkDistance,3,1,1,1801,0
JavaRTS,entity,harvester,hold,3,2,0,1805,0
JavaRTS,entity,harvester,getMaxHp,3,1,0,1810,0
JavaRTS,entity,heavyTank,heavyTank,38,3,3,75,0
JavaRTS,entity,heavyTank,makePolygons,131,13,0,122,0
JavaRTS,entity,heavyTank,update,177,47,0,358,0
JavaRTS,entity,heavyTank,updateGeometry,57,8,0,613,0
JavaRTS,entity,heavyTank,carryOutCommands,18,5,0,693,0
JavaRTS,entity,heavyTank,performStandByLogic,22,8,0,713,0
JavaRTS,entity,heavyTank,performAttackLogic,155,32,0,742,0
JavaRTS,entity,heavyTank,performAttackMoveLogic,33,11,0,935,0
JavaRTS,entity,heavyTank,performMovementLogic,64,11,0,976,0
JavaRTS,entity,heavyTank,fireBullet,38,5,1,1066,0
JavaRTS,entity,heavyTank,draw,11,4,0,1123,0
JavaRTS,entity,heavyTank,getMaxHp,3,1,0,1142,0
JavaRTS,entity,lightPole,lightPole,31,2,4,34,0
JavaRTS,entity,lightPole,makePolygons,73,6,0,85,0
JavaRTS,entity,lightPole,update,46,7,0,204,0
JavaRTS,entity,lightPole,vanish,5,1,0,283,0
JavaRTS,entity,lightPole,getMovement,3,1,0,290,0
JavaRTS,entity,lightPole,draw,9,4,0,295,0
JavaRTS,entity,lightTank,lightTank,48,2,3,75,0
JavaRTS,entity,lightTank,makePolygons,73,4,0,138,0
JavaRTS,entity,lightTank,update,174,46,0,253,0
JavaRTS,entity,lightTank,updateGeometry,57,8,0,510,0
JavaRTS,entity,lightTank,carryOutCommands,18,5,0,590,0
JavaRTS,entity,lightTank,performStandByLogic,24,9,0,610,0
JavaRTS,entity,lightTank,performAttackLogic,155,32,0,644,0
JavaRTS,entity,lightTank,performAttackMoveLogic,33,11,0,837,0
JavaRTS,entity,lightTank,performMovementLogic,64,11,0,883,0
JavaRTS,entity,lightTank,fireBullet,23,5,1,973,0
JavaRTS,entity,lightTank,draw,11,4,0,1006,0
JavaRTS,entity,lightTank,getMaxHp,3,1,0,1024,0
JavaRTS,entity,missileTurret,missileTurret,58,5,4,95,0
JavaRTS,entity,missileTurret,makePolygons,123,5,0,186,0
JavaRTS,entity,missileTurret,update,238,45,0,394,0
JavaRTS,entity,missileTurret,carryOutCommands,98,33,0,745,0
JavaRTS,entity,missileTurret,draw,7,3,0,886,0
JavaRTS,entity,missileTurret,attack,9,3,1,896,0
JavaRTS,entity,missileTurret,fireRocket,27,3,1,910,0
JavaRTS,entity,missileTurret,hold,4,1,0,943,0
JavaRTS,entity,missileTurret,getMovement,3,1,0,948,0
JavaRTS,entity,palmTree,palmTree,47,2,3,34,0
JavaRTS,entity,palmTree,palmTree,39,1,14,105,0
JavaRTS,entity,palmTree,makePolygons,52,5,0,161,0
JavaRTS,entity,palmTree,update,45,6,0,248,0
JavaRTS,entity,palmTree,getMovement,3,1,0,328,0
JavaRTS,entity,palmTree,draw,9,4,0,333,0
JavaRTS,entity,powerPlant,powerPlant,84,5,4,53,0
JavaRTS,entity,powerPlant,makePolygons,237,24,0,173,0
JavaRTS,entity,powerPlant,update,192,29,0,545,0
JavaRTS,entity,powerPlant,draw,7,3,0,826,0
JavaRTS,entity,powerPlant,getMovement,3,1,0,835,0
JavaRTS,entity,refinery,refinery,87,4,4,72,0
JavaRTS,entity,refinery,makePolygons,326,13,0,193,0
JavaRTS,entity,refinery,addPolygon,9,3,2,688,0
JavaRTS,entity,refinery,update,246,37,0,700,0
JavaRTS,entity,refinery,droppingAreaIsFull,14,5,1,1059,0
JavaRTS,entity,refinery,hasExit,11,4,0,1080,0
JavaRTS,entity,refinery,draw,9,4,0,1099,0
JavaRTS,entity,refinery,getMovement,3,1,0,1112,0
JavaRTS,entity,rocketTank,rocketTank,61,3,3,83,0
JavaRTS,entity,rocketTank,makePolygons,67,2,0,174,0
JavaRTS,entity,rocketTank,update,174,46,0,278,0
JavaRTS,entity,rocketTank,updateGeometry,68,8,0,527,0
JavaRTS,entity,rocketTank,carryOutCommands,20,6,0,622,0
JavaRTS,entity,rocketTank,performStandByLogic,30,14,0,646,0
JavaRTS,entity,rocketTank,performAttackLogic,137,28,0,702,0
JavaRTS,entity,rocketTank,performAttackMoveLogic,47,18,0,873,0
JavaRTS,entity,rocketTank,performMovementLogic,64,11,0,937,0
JavaRTS,entity,rocketTank,calculateMovement_unit,4,1,0,1025,0
JavaRTS,entity,rocketTank,fireRocket,53,6,1,1034,0
JavaRTS,entity,rocketTank,draw,11,4,0,1099,0
JavaRTS,entity,rocketTank,getMaxHp,3,1,0,1117,0
JavaRTS,entity,solidObject,getCentre,3,1,0,174,0
JavaRTS,entity,solidObject,getRealCentre,3,1,0,179,0
JavaRTS,entity,solidObject,getVisibility,3,1,0,184,0
JavaRTS,entity,solidObject,put,7,1,3,189,0
JavaRTS,entity,solidObject,change,6,1,4,198,0
JavaRTS,entity,solidObject,createColor,3,1,3,206,0
JavaRTS,entity,solidObject,getID,3,1,0,212,0
JavaRTS,entity,solidObject,generateTileCheckList,35,9,1,218,0
JavaRTS,entity,solidObject,createBitmapVision,12,4,1,261,0
JavaRTS,entity,solidObject,clonePolygons,22,5,2,275,0
JavaRTS,entity,solidObject,isStable,8,3,1,306,0
JavaRTS,entity,solidObject,removeFromGridMap,35,13,0,317,0
JavaRTS,entity,solidObject,updateOccupiedTiles,110,33,2,361,0
JavaRTS,entity,solidObject,retriveSurroundingObject,52,21,2,482,0
JavaRTS,entity,solidObject,validateMovement,220,45,0,551,0
JavaRTS,entity,solidObject,countOccupiedBlocks,29,8,6,827,0
JavaRTS,entity,solidObject,countOccupiedBlocksDuringAttack,32,9,6,862,0
JavaRTS,entity,solidObject,checkForCollision,83,33,1,901,0
JavaRTS,entity,solidObject,calculateMovement,5,1,0,1011,0
JavaRTS,entity,solidObject,changeMovement,6,5,1,1017,0
JavaRTS,entity,solidObject,checkIfTileIsOccupiedByStaticUnitProbe,13,5,2,1028,0
JavaRTS,entity,solidObject,checkIfTileIsOccupiedByStaticUnitPoint,12,5,2,1047,0
JavaRTS,entity,solidObject,hugWalls,232,45,0,1066,0
JavaRTS,entity,solidObject,checkIfDestinationReached,71,15,0,1371,0
JavaRTS,entity,solidObject,avoidGettingStucked,20,5,0,1469,0
JavaRTS,entity,solidObject,toString,20,17,0,1498,0
JavaRTS,entity,solidObject,printCurrentCommand,7,6,0,1537,0
JavaRTS,entity,solidObject,printMovementStatus,5,4,0,1550,0
JavaRTS,entity,solidObject,printAttackStatus,5,4,0,1559,0
JavaRTS,entity,solidObject,getDistance,3,1,1,1569,0
JavaRTS,entity,solidObject,attackMoveTo,16,1,2,1573,0
JavaRTS,entity,solidObject,getMovement,3,1,0,1596,0
JavaRTS,entity,solidObject,moveTo,9,2,2,1600,0
JavaRTS,entity,solidObject,attack,6,2,1,1619,0
JavaRTS,entity,solidObject,resetLogicStatus,13,2,0,1626,0
JavaRTS,entity,solidObject,willDieFromIncomingAttack,3,1,0,1642,0
JavaRTS,entity,solidObject,update,2,1,0,1647,0
JavaRTS,entity,solidObject,draw,2,1,0,1648,0
JavaRTS,entity,solidObject,harvest,2,1,1,1649,0
JavaRTS,entity,solidObject,returnToRefinery,2,1,1,1650,0
JavaRTS,entity,solidObject,hold,3,1,0,1651,0
JavaRTS,entity,solidObject,getMaxHp,3,1,0,1652,0
JavaRTS,entity,stealthTank,stealthTank,61,5,3,77,0
JavaRTS,entity,stealthTank,makePolygons,130,8,0,157,0
JavaRTS,entity,stealthTank,update,216,63,0,363,0
JavaRTS,entity,stealthTank,updateGeometry,57,8,0,674,0
JavaRTS,entity,stealthTank,carryOutCommands,20,6,0,754,0
JavaRTS,entity,stealthTank,resetLogicStatus,13,1,0,775,0
JavaRTS,entity,stealthTank,performStandByLogic,22,8,0,790,0
JavaRTS,entity,stealthTank,performMovementLogic,64,11,0,819,0
JavaRTS,entity,stealthTank,performAttackLogic,155,32,0,909,0
JavaRTS,entity,stealthTank,performAttackMoveLogic,31,10,0,1102,0
JavaRTS,entity,stealthTank,fireRailgunShot,151,36,1,1141,0
JavaRTS,entity,stealthTank,draw,15,4,0,1343,0
JavaRTS,entity,stealthTank,getMaxHp,3,1,0,1368,0
JavaRTS,entity,techCenter,resetResarchStatus,21,1,0,73,0
JavaRTS,entity,techCenter,techCenter,81,5,4,97,0
JavaRTS,entity,techCenter,makePolygons,378,28,0,211,0
JavaRTS,entity,techCenter,update,336,64,0,1323,0
JavaRTS,entity,techCenter,researchLightTank,14,2,1,1766,0
JavaRTS,entity,techCenter,researchRocketTank,14,2,1,1780,0
JavaRTS,entity,techCenter,researchStealthTank,14,2,1,1794,0
JavaRTS,entity,techCenter,researchHeavyTank,14,2,1,1808,0
JavaRTS,entity,techCenter,cancelResearch,18,2,1,1823,0
JavaRTS,entity,techCenter,upgradeLightTank,9,4,1,1842,0
JavaRTS,entity,techCenter,upgradeRocketTank,7,3,1,1855,0
JavaRTS,entity,techCenter,upgradeStealthTank,7,3,1,1863,0
JavaRTS,entity,techCenter,upgradeHeavyTank,7,3,1,1871,0
JavaRTS,entity,techCenter,draw,9,4,0,1880,0
JavaRTS,entity,techCenter,getMovement,3,1,0,1892,0
JavaRTS,entity,tokenObject,tokenObject,17,3,4,13,0
JavaRTS,entity,tokenObject,getMovement,3,1,0,46,0
JavaRTS,gui,button,button,19,1,6,21,0
JavaRTS,gui,button,checkIfCursorIsOnTop,4,1,2,46,0
JavaRTS,gui,button,draw,140,27,1,52,0
JavaRTS,gui,confirmationIcon,confirmationIcon,11,2,0,23,0
JavaRTS,gui,confirmationIcon,setActive,5,1,3,37,0
JavaRTS,gui,confirmationIcon,updateAndDraw,86,13,0,43,0
JavaRTS,gui,deployGrid,deployGrid,9,1,0,16,0
JavaRTS,gui,deployGrid,makeGrid,41,2,0,27,0
JavaRTS,gui,deployGrid,update,109,21,0,90,0
JavaRTS,gui,deployGrid,draw,10,4,0,151,0
JavaRTS,gui,deployGrid,checkIfBlockIsFree,22,7,1,167,0
JavaRTS,gui,deployGrid,put,7,1,3,198,0
JavaRTS,gui,gameCursor,init,19,4,0,24,0
JavaRTS,gui,gameCursor,updateAndDraw,139,40,1,51,0
JavaRTS,gui,gameCursor,loadTexture,16,1,4,196,0
JavaRTS,gui,gameCursor,drawMinimapAttackIcon,22,7,2,214,0
JavaRTS,gui,gameCursor,drawMinimapMoveIcon,25,7,2,244,0
JavaRTS,gui,gameCursor,drawActionIcon,85,28,3,277,0
JavaRTS,gui,gameCursor,pixelInsideSideArea,7,3,1,404,0
JavaRTS,gui,gameCursor,drawIcon,19,6,3,420,0
JavaRTS,gui,gameCursor,drawSelectionIcon,131,61,2,449,0
JavaRTS,gui,gameMenu,init,90,4,0,48,0
JavaRTS,gui,gameMenu,updateAndDraw,254,59,5,216,0
JavaRTS,gui,gameMenu,drawHighscore,36,10,0,531,0
JavaRTS,gui,gameMenu,drawLoadingScreen,18,5,1,578,0
JavaRTS,gui,gameMenu,quitHighscoreMenu,8,2,0,594,0
JavaRTS,gui,gameMenu,updateButtons,64,21,0,603,0
JavaRTS,gui,gameMenu,drawButtons,5,2,0,658,0
JavaRTS,gui,gameMenu,drawBluredBackground,14,6,0,664,0
JavaRTS,gui,gameMenu,drawMenuFrame,3,1,2,691,0
JavaRTS,gui,gameMenu,drawMenuFrame,3,1,3,695,0
JavaRTS,gui,gameMenu,drawFrame,131,28,3,699,0
JavaRTS,gui,gameMenu,drawTitle,9,4,0,869,0
JavaRTS,gui,gameMenu,drawImage,8,3,5,881,0
JavaRTS,gui,gameMenu,loadTexture,16,1,4,893,0
JavaRTS,gui,inputHandler,processInput,262,76,0,46,0
JavaRTS,gui,inputHandler,readCharacter,5,2,1,432,0
JavaRTS,gui,inputHandler,handleKeyRelease,5,2,1,441,0
JavaRTS,gui,MiniMap,init,19,2,0,20,0
JavaRTS,gui,MiniMap,reset,4,1,0,48,0
JavaRTS,gui,MiniMap,draw,9,3,4,54,0
JavaRTS,gui,MiniMap,drawWarningSigns,24,4,1,80,0
JavaRTS,gui,MiniMap,spawnWarningSign,24,7,2,120,0
JavaRTS,gui,MiniMap,drawViewWindow,15,1,1,147,0
JavaRTS,gui,MiniMap,findCorners,6,1,0,167,0
JavaRTS,gui,MiniMap,drawLine,30,8,6,176,0
JavaRTS,gui,MiniMap,drawUnit,53,13,4,221,0
JavaRTS,gui,MiniMap,createBitmapVision,12,4,1,290,0
JavaRTS,gui,MiniMap,createBitmap,52,15,3,304,0
JavaRTS,gui,MiniMap,drawBackground,17,5,2,370,0
JavaRTS,gui,MiniMap,drawFrame,52,13,1,396,0
JavaRTS,gui,SideBar,init,47,5,0,29,0
JavaRTS,gui,SideBar,draw,6,1,2,87,0
JavaRTS,gui,SideBar,drawCreditAndPowerLevelAndTime,23,3,3,99,0
JavaRTS,gui,SideBar,drawIcon,12,3,3,132,0
JavaRTS,gui,SideBar,calculateOnScreenPlayerMoney,7,4,1,145,0
JavaRTS,gui,SideBar,drawSideBarInfo,258,37,2,160,0
JavaRTS,gui,SideBar,drawInfoBackGround,30,10,6,419,0
JavaRTS,gui,SideBar,prepareProgressBitmaps,11,4,0,457,0
JavaRTS,gui,SideBar,drawIconImage,8,3,4,473,0
JavaRTS,gui,SideBar,drawIconImage,9,4,6,483,0
JavaRTS,gui,SideBar,drawBackground,8,3,1,495,0
JavaRTS,gui,SideBar,drawFrame,101,25,1,505,0
JavaRTS,gui,SideBar,loadTexture,19,2,5,632,0
JavaRTS,gui,textRenderer,init,85,8,0,21,0
JavaRTS,gui,textRenderer,drawMenuText,37,6,8,118,0
JavaRTS,gui,textRenderer,getMenuTextWidth,5,2,1,165,0
JavaRTS,gui,textRenderer,drawFlashingText,22,5,4,172,0
JavaRTS,gui,textRenderer,drawText,19,4,7,205,0
JavaRTS,gui,textRenderer,drawText_outline,39,11,6,230,0
JavaRTS,gui,textRenderer,drawScoreBoardText,47,11,6,285,0
JavaRTS,gui,textRenderer,drawStarCharacter,36,10,6,352,0
JavaRTS,(default package),main,main,3,1,1,5,0
JavaRTS,particles,bullet,bullet,9,1,0,34,0
JavaRTS,particles,bullet,setActive,21,3,5,44,0
JavaRTS,particles,bullet,makePolygons,21,3,0,74,0
JavaRTS,particles,bullet,updateAndDraw,62,14,0,100,0
JavaRTS,particles,bullet,change,6,1,2,186,0
JavaRTS,particles,explosion,explosion,4,1,0,43,0
JavaRTS,particles,explosion,setActive,20,3,8,48,0
JavaRTS,particles,explosion,updateAndDrawExplosionAura,60,9,0,72,0
JavaRTS,particles,explosion,drawExplosionSprite,47,10,0,186,0
JavaRTS,particles,helix,helix,17,3,0,33,0
JavaRTS,particles,helix,setActive,27,2,4,55,0
JavaRTS,particles,helix,updateAndDraw,65,15,0,94,0
JavaRTS,particles,rocket,rocket,9,2,0,49,0
JavaRTS,particles,rocket,setActive,11,1,5,60,0
JavaRTS,particles,rocket,reconstructPolygons,20,4,0,73,0
JavaRTS,particles,rocket,update,91,21,0,101,0
JavaRTS,particles,rocket,draw,9,3,0,235,0
JavaRTS,particles,rocket,makePolygons,52,14,0,249,0
JavaRTS,particles,rocket,put,7,1,3,331,0
JavaRTS,particles,smokeParticle,smokeParticle,4,1,0,35,0
JavaRTS,particles,smokeParticle,setActive,11,2,7,41,0
JavaRTS,particles,smokeParticle,updateAndDraw,147,42,0,58,0
